Date,Time,Price
2025-01-12,22:54:30,0.7877
2025-01-12,22:45:04,0.7981
2025-01-12,22:21:08,0.8152
2025-01-12,21:54:32,0.8363
2025-01-12,21:44:22,0.84
2025-01-12,21:33:14,0.8484
2025-01-12,21:14:34,0.8627
2025-01-12,20:54:27,0.8808
2025-01-12,20:41:20,0.8925
2025-01-12,20:25:17,0.906
2025-01-12,19:58:13,0.9285
2025-01-12,19:49:12,0.9393
2025-01-12,19:36:38,0.9492
2025-01-12,19:08:03,0.9577
2025-01-12,18:36:18,0.98
2025-01-12,17:14:20,0.98
2025-01-12,15:55:53,0.99
2025-01-12,15:46:35,0.99
2025-01-12,15:37:40,0.99
2025-01-12,15:27:37,0.99
2025-01-12,15:13:02,0.99
2025-01-12,14:54:27,0.99
2025-01-12,14:44:29,0.998
2025-01-12,14:31:53,0.999
2025-01-12,14:12:24,1.0099
2025-01-12,13:54:38,1.0099
2025-01-12,13:45:51,1.0099
2025-01-12,13:36:47,1.01
2025-01-12,13:27:20,1.009
2025-01-12,13:16:05,1.009
2025-01-12,12:57:24,1.015
2025-01-12,12:48:22,1.015
2025-01-12,12:39:15,1.016
2025-01-12,12:29:28,1.016
2025-01-12,12:14:31,1.0166
2025-01-12,11:54:40,1.0189
2025-01-12,11:44:30,1.019
2025-01-12,11:35:42,1.019
2025-01-12,11:24:43,1.019
2025-01-12,11:11:01,1.02
2025-01-12,10:54:55,1.024
2025-01-12,10:46:01,1.024
2025-01-12,10:37:05,1.024
2025-01-12,10:18:22,1.0247
2025-01-12,09:55:36,1.0247
2025-01-12,09:46:38,0.8437
2025-01-12,09:37:36,1.0
2025-01-12,09:28:42,1.0
2025-01-12,09:11:49,1.02
2025-01-12,08:54:38,1.02
2025-01-12,08:44:40,1.02
2025-01-12,08:34:22,1.02
2025-01-12,08:16:41,1.02
2025-01-12,07:55:52,1.02
2025-01-12,07:47:13,1.02
2025-01-12,07:38:08,1.02
2025-01-12,07:28:51,0.8609
2025-01-12,07:16:40,0.8609
2025-01-12,06:57:12,1.02
2025-01-12,06:48:29,1.02
2025-01-12,06:39:16,0.8609
2025-01-12,06:29:47,1.02
2025-01-12,06:14:41,1.02
2025-01-12,05:57:26,1.02
2025-01-12,05:48:25,1.02
2025-01-12,05:39:08,1.02
2025-01-12,05:30:02,1.02
2025-01-12,05:17:04,1.02
2025-01-12,04:54:38,1.02
2025-01-12,04:25:41,1.02
2025-01-12,03:54:34,1.0189
2025-01-12,03:44:22,1.019
2025-01-12,03:35:37,1.019
2025-01-12,03:25:50,1.0189
2025-01-12,03:11:59,1.019
2025-01-12,02:54:26,1.0099
2025-01-12,02:44:37,1.0099
2025-01-12,02:32:25,1.0099
2025-01-12,02:14:44,1.02
2025-01-12,01:56:06,1.019
2025-01-12,01:47:01,1.0234
2025-01-12,01:37:44,1.019
2025-01-12,01:28:21,1.0189
2025-01-12,01:13:05,1.0188
2025-01-12,00:54:27,1.0188
2025-01-12,00:44:32,1.019
2025-01-12,00:33:12,1.019
2025-01-12,00:16:36,1.0189
2025-01-11,23:54:26,1.0189
2025-01-11,23:45:36,1.0199
2025-01-11,23:36:28,1.0189
2025-01-11,23:26:48,0.8597
2025-01-11,23:16:47,1.02
2025-01-11,22:58:01,1.02
2025-01-11,22:49:13,1.02
2025-01-11,22:39:26,1.02
2025-01-11,22:18:49,1.0289
2025-01-11,21:54:16,1.029
2025-01-11,21:44:24,1.0386
2025-01-11,21:31:27,1.04
2025-01-11,21:13:20,1.04
2025-01-11,20:54:20,1.04
2025-01-11,20:44:31,1.04
2025-01-11,20:34:08,1.04
2025-01-11,20:16:54,1.04
2025-01-11,19:54:33,1.06
2025-01-11,19:41:37,1.0647
2025-01-11,19:16:47,1.09
2025-01-11,18:38:16,1.09
2025-01-11,17:16:05,1.0988
2025-01-11,15:55:37,1.0988
2025-01-11,15:47:02,1.0788
2025-01-11,15:38:13,1.0788
2025-01-11,15:27:31,1.0754
2025-01-11,15:12:49,1.05
2025-01-11,14:54:37,1.05
2025-01-11,14:44:31,1.049
2025-01-11,14:31:31,1.049
2025-01-11,14:12:41,0.885
2025-01-11,13:54:32,1.049
2025-01-11,13:45:31,1.0489
2025-01-11,13:36:43,1.048
2025-01-11,13:27:10,1.048
2025-01-11,13:15:13,1.048
2025-01-11,12:57:10,1.048
2025-01-11,12:48:23,1.048
2025-01-11,12:39:09,1.048
2025-01-11,12:29:24,0.8845
2025-01-11,12:14:18,1.0489
2025-01-11,11:54:29,1.038
2025-01-11,11:44:45,1.037
2025-01-11,11:35:36,1.037
2025-01-11,11:24:31,1.039
2025-01-11,11:13:49,1.04
2025-01-11,10:57:55,1.05
2025-01-11,10:49:08,1.05
2025-01-11,10:40:24,1.05
2025-01-11,10:20:30,1.05
2025-01-11,09:56:27,1.02
2025-01-11,09:47:27,1.05
2025-01-11,09:38:24,1.0489
2025-01-11,09:29:13,0.8852
2025-01-11,09:12:10,1.0489
2025-01-11,08:54:27,1.0489
2025-01-11,08:45:36,1.0489
2025-01-11,08:36:25,1.049
2025-01-11,08:18:47,1.0469
2025-01-11,07:56:30,0.999
2025-01-11,07:47:25,1.0
2025-01-11,07:38:47,1.016
2025-01-11,07:29:19,1.049
2025-01-11,07:16:53,1.003
2025-01-11,06:57:33,0.99
2025-01-11,06:48:42,1.0239
2025-01-11,06:39:52,0.999
2025-01-11,06:30:18,0.8437
2025-01-11,06:11:45,0.999
2025-01-11,05:54:38,0.999
2025-01-11,05:44:30,0.99
2025-01-11,05:30:31,0.997
2025-01-11,05:17:32,1.005
2025-01-11,04:54:47,1.0509
2025-01-11,04:25:52,0.999
2025-01-11,03:54:32,0.999
2025-01-11,03:44:21,1.031
2025-01-11,03:35:51,1.0646
2025-01-11,03:25:13,1.0646
2025-01-11,03:10:55,1.0646
2025-01-11,02:54:24,1.0589
2025-01-11,02:44:32,1.0588
2025-01-11,02:32:34,1.0646
2025-01-11,02:13:55,1.0373
2025-01-11,01:55:37,1.0373
2025-01-11,01:46:53,0.8682
2025-01-11,01:37:49,1.03
2025-01-11,01:28:38,1.04
2025-01-11,01:13:20,1.0289
2025-01-11,00:54:32,1.0439
2025-01-11,00:45:03,1.0524
2025-01-11,00:33:57,1.0289
2025-01-11,00:16:56,1.0438
2025-01-10,23:54:07,1.0289
2025-01-10,23:44:54,1.0347
2025-01-10,23:36:08,1.0448
2025-01-10,23:26:49,0.8887
2025-01-10,23:14:07,1.0588
2025-01-10,22:56:34,1.0588
2025-01-10,22:47:48,1.0588
2025-01-10,22:38:32,1.0588
2025-01-10,22:18:21,1.0735
2025-01-10,21:54:25,1.08
2025-01-10,21:44:21,1.08
2025-01-10,21:31:32,1.08
2025-01-10,21:12:59,1.0775
2025-01-10,20:54:30,1.08
2025-01-10,20:44:25,1.08
2025-01-10,20:33:59,1.08
2025-01-10,20:16:50,1.08
2025-01-10,19:54:28,1.08
2025-01-10,19:44:51,1.08
2025-01-10,19:30:35,1.06
2025-01-10,19:02:52,1.06
2025-01-10,18:30:16,1.05
2025-01-10,17:12:52,1.05
2025-01-10,15:56:06,1.0187
2025-01-10,15:47:13,1.0187
2025-01-10,15:38:20,1.0187
2025-01-10,15:28:50,0.8592
2025-01-10,15:13:36,1.0187
2025-01-10,14:54:27,1.0187
2025-01-10,14:44:10,1.0187
2025-01-10,14:33:14,1.0185
2025-01-10,14:14:40,1.0187
2025-01-10,13:56:09,1.0188
2025-01-10,13:47:09,1.0188
2025-01-10,13:37:56,1.0188
2025-01-10,13:28:24,1.0188
2025-01-10,13:12:51,1.0188
2025-01-10,12:54:36,1.0188
2025-01-10,12:44:38,1.0188
2025-01-10,12:31:17,1.0188
2025-01-10,12:15:34,1.0188
2025-01-10,11:54:19,0.91
2025-01-10,11:44:41,1.0188
2025-01-10,11:35:45,1.0188
2025-01-10,11:25:39,1.0187
2025-01-10,11:16:49,1.0188
2025-01-10,10:59:03,1.0188
2025-01-10,10:50:05,1.0188
2025-01-10,10:40:14,1.007
2025-01-10,10:19:28,0.999
2025-01-10,09:54:24,0.999
2025-01-10,09:44:33,0.999
2025-01-10,09:32:12,0.999
2025-01-10,09:18:33,0.999
2025-01-10,08:58:48,0.999
2025-01-10,08:49:47,0.999
2025-01-10,08:39:59,0.999
2025-01-10,08:17:48,0.999
2025-01-10,07:54:14,0.988
2025-01-10,07:44:31,0.988
2025-01-10,07:30:50,0.955
2025-01-10,07:13:56,0.955
2025-01-10,06:54:29,0.955
2025-01-10,06:44:08,0.955
2025-01-10,06:33:03,0.95
2025-01-10,06:13:39,0.95
2025-01-10,05:55:31,0.95
2025-01-10,05:46:42,0.95
2025-01-10,05:37:46,0.95
2025-01-10,05:26:53,0.95
2025-01-10,04:59:20,0.9499
2025-01-10,04:28:30,0.9499
2025-01-10,03:54:17,0.9499
2025-01-10,03:45:29,0.9499
2025-01-10,03:36:40,0.9499
2025-01-10,03:26:32,0.9498
2025-01-10,03:12:12,0.9504
2025-01-10,02:54:38,0.95
2025-01-10,02:45:42,0.95
2025-01-10,02:36:08,0.95
2025-01-10,02:15:13,0.95
2025-01-10,01:55:18,0.95
2025-01-10,01:46:18,0.9248
2025-01-10,01:37:13,0.932
2025-01-10,01:22:12,0.9437
2025-01-10,00:58:31,0.9479
2025-01-10,00:49:32,0.948
2025-01-10,00:38:48,0.9489
2025-01-10,00:20:27,0.949
2025-01-09,23:56:09,0.949
2025-01-09,23:47:13,0.7946
2025-01-09,23:38:00,0.949
2025-01-09,23:28:30,0.949
2025-01-09,23:13:58,0.949
2025-01-09,22:54:23,0.949
2025-01-09,22:44:07,0.95
2025-01-09,22:20:24,0.94
2025-01-09,21:54:28,0.94
2025-01-09,21:44:21,0.94
2025-01-09,21:32:33,0.94
2025-01-09,21:14:20,0.94
2025-01-09,20:54:35,0.95
2025-01-09,20:45:52,0.9329
2025-01-09,20:36:03,0.9329
2025-01-09,20:18:01,0.9329
2025-01-09,19:55:47,0.9329
2025-01-09,19:47:03,0.9329
2025-01-09,19:33:38,0.9329
2025-01-09,19:06:30,0.932
2025-01-09,18:38:18,0.7805
2025-01-09,17:21:25,0.92
2025-01-09,15:57:00,0.944
2025-01-09,15:47:57,0.7947
2025-01-09,15:38:47,0.92
2025-01-09,15:28:56,0.89
2025-01-09,15:14:17,0.89
2025-01-09,14:54:16,0.89
2025-01-09,14:44:32,0.89
2025-01-09,14:33:15,0.89
2025-01-09,14:15:25,0.887
2025-01-09,13:56:22,0.739
2025-01-09,13:47:26,0.8834
2025-01-09,13:38:14,0.8834
2025-01-09,13:28:46,0.8834
2025-01-09,13:13:16,0.805
2025-01-09,12:54:42,0.851
2025-01-09,12:44:19,0.8835
2025-01-09,12:31:15,0.8839
2025-01-09,12:15:43,0.89
2025-01-09,11:54:11,0.8845
2025-01-09,11:44:55,0.885
2025-01-09,11:36:07,0.8485
2025-01-09,11:24:48,0.8485
2025-01-09,11:11:22,0.8492
2025-01-09,10:54:28,0.8492
2025-01-09,10:41:13,0.8492
2025-01-09,10:19:52,0.711
2025-01-09,09:54:25,0.8492
2025-01-09,09:44:27,0.711
2025-01-09,09:30:53,0.868
2025-01-09,09:12:31,0.8492
2025-01-09,08:51:16,0.8591
2025-01-09,08:40:01,0.858
2025-01-09,08:17:40,0.868
2025-01-09,07:54:30,0.869
2025-01-09,07:44:25,0.8691
2025-01-09,07:31:51,0.8791
2025-01-09,07:14:51,0.878
2025-01-09,06:54:39,0.8781
2025-01-09,06:44:33,0.8785
2025-01-09,06:33:07,0.8785
2025-01-09,06:13:20,0.8785
2025-01-09,05:54:12,0.8791
2025-01-09,05:40:34,0.8805
2025-01-09,05:28:58,0.8805
2025-01-09,05:00:11,0.881
2025-01-09,04:28:39,0.881
2025-01-09,03:54:46,0.881
2025-01-09,03:45:36,0.881
2025-01-09,03:36:50,0.879
2025-01-09,03:26:24,0.8782
2025-01-09,03:11:52,0.8784
2025-01-09,02:54:34,0.879
2025-01-09,02:45:19,0.8792
2025-01-09,02:36:04,0.8792
2025-01-09,02:15:21,0.8799
2025-01-09,01:54:18,0.8805
2025-01-09,01:44:35,0.8809
2025-01-09,01:30:43,0.881
2025-01-09,01:15:27,0.881
2025-01-09,00:54:15,0.8808
2025-01-09,00:40:51,0.7269
2025-01-09,00:21:16,0.865
2025-01-08,23:56:45,0.7242
2025-01-08,23:47:57,0.8689
2025-01-08,23:38:48,0.8699
2025-01-08,23:13:49,0.8449
2025-01-08,22:54:25,0.7259
2025-01-08,22:40:42,0.877
2025-01-08,22:19:50,0.881
2025-01-08,21:54:21,0.8818
2025-01-08,21:44:26,0.8831
2025-01-08,21:31:27,0.8831
2025-01-08,21:13:50,0.8831
2025-01-08,20:54:51,0.884
2025-01-08,20:46:00,0.884
2025-01-08,20:35:13,0.8851
2025-01-08,20:17:14,0.887
2025-01-08,19:54:49,0.8871
2025-01-08,19:37:22,0.8871
2025-01-08,18:57:22,0.8693
2025-01-08,17:14:38,0.8626
2025-01-08,15:56:22,0.81
2025-01-08,15:47:19,0.81
2025-01-08,15:38:11,0.81
2025-01-08,15:28:18,0.8099
2025-01-08,15:13:21,0.815
2025-01-08,14:54:30,0.8149
2025-01-08,14:44:25,0.8149
2025-01-08,14:33:16,0.815
2025-01-08,14:17:16,0.819
2025-01-08,13:57:41,0.8192
2025-01-08,13:48:38,0.8192
2025-01-08,13:39:34,0.8192
2025-01-08,13:29:39,0.82
2025-01-08,13:13:17,0.8192
2025-01-08,12:54:34,0.8192
2025-01-08,12:44:26,0.8192
2025-01-08,12:31:01,0.8192
2025-01-08,12:15:12,0.819
2025-01-08,11:54:30,0.819
2025-01-08,11:44:29,0.6835
2025-01-08,11:35:42,0.819
2025-01-08,11:24:42,0.819
2025-01-08,11:11:01,0.819
2025-01-08,10:54:15,0.809
2025-01-08,10:40:40,0.82
2025-01-08,10:19:38,0.8412
2025-01-08,09:54:34,0.8637
2025-01-08,09:44:12,0.8732
2025-01-08,09:30:50,0.8736
2025-01-08,09:12:20,0.8743
2025-01-08,08:51:00,0.8743
2025-01-08,08:40:12,0.8745
2025-01-08,08:17:42,0.8753
2025-01-08,07:54:55,0.8758
2025-01-08,07:44:27,0.8759
2025-01-08,07:31:36,0.8759
2025-01-08,07:15:01,0.8759
2025-01-08,06:54:15,0.8759
2025-01-08,06:44:29,0.876
2025-01-08,06:34:56,0.879
2025-01-08,06:18:09,0.879
2025-01-08,05:57:52,0.7317
2025-01-08,05:48:45,0.8492
2025-01-08,05:40:05,0.8511
2025-01-08,05:28:15,0.8628
2025-01-08,04:59:53,0.879
2025-01-08,04:28:42,0.872
2025-01-08,03:54:46,0.869
2025-01-08,03:45:30,0.8493
2025-01-08,03:36:28,0.869
2025-01-08,03:26:31,0.869
2025-01-08,03:11:50,0.8453
2025-01-08,02:54:26,0.8767
2025-01-08,02:44:22,0.89
2025-01-08,02:34:28,0.891
2025-01-08,02:15:14,0.89
2025-01-08,01:54:58,0.891
2025-01-08,01:45:51,0.891
2025-01-08,01:37:04,0.89
2025-01-08,01:23:20,0.89
2025-01-08,00:59:10,0.7361
2025-01-08,00:49:58,0.891
2025-01-08,00:38:42,0.891
2025-01-08,00:18:56,0.8136
2025-01-07,23:54:44,0.8608
2025-01-07,23:45:56,0.8926
2025-01-07,23:36:44,0.816
2025-01-07,23:27:52,0.8381
2025-01-07,23:13:29,0.872
2025-01-07,22:54:20,0.907
2025-01-07,22:41:02,0.907
2025-01-07,22:20:16,0.908
2025-01-07,21:54:16,0.908
2025-01-07,21:44:25,0.908
2025-01-07,21:32:27,0.908
2025-01-07,21:13:57,0.908
2025-01-07,20:54:38,0.9089
2025-01-07,20:45:29,0.8577
2025-01-07,20:35:11,0.8577
2025-01-07,20:17:23,0.8108
2025-01-07,19:54:18,0.8465
2025-01-07,19:45:14,0.8693
2025-01-07,19:30:22,0.9159
2025-01-07,19:02:17,0.9279
2025-01-07,18:30:42,0.9524
2025-01-07,17:11:44,0.9699
2025-01-07,15:55:51,0.9702
2025-01-07,15:46:56,0.9603
2025-01-07,15:37:55,0.98
2025-01-07,15:28:18,0.98
2025-01-07,15:13:04,0.979
2025-01-07,14:54:28,0.98
2025-01-07,14:44:32,0.99
2025-01-07,14:33:37,0.99
2025-01-07,14:16:49,0.8164
2025-01-07,13:57:08,0.99
2025-01-07,13:48:07,0.99
2025-01-07,13:38:49,0.99
2025-01-07,13:29:15,0.9821
2025-01-07,13:13:28,0.9702
2025-01-07,12:54:17,0.9702
2025-01-07,12:44:17,0.99
2025-01-07,12:30:56,0.9791
2025-01-07,12:15:12,0.9999
2025-01-07,11:54:37,1.01
2025-01-07,11:45:23,1.0192
2025-01-07,11:36:23,1.026
2025-01-07,11:26:00,1.027
2025-01-07,11:16:45,1.027
2025-01-07,10:59:08,1.028
2025-01-07,10:50:00,1.0285
2025-01-07,10:40:30,1.0285
2025-01-07,10:19:39,1.0292
2025-01-07,09:55:24,1.0295
2025-01-07,09:46:14,1.0295
2025-01-07,09:37:10,1.028
2025-01-07,09:20:32,1.027
2025-01-07,08:59:49,1.0386
2025-01-07,08:46:43,1.047
2025-01-07,08:09:34,1.051
2025-01-07,07:13:27,1.052
2025-01-07,05:31:09,1.0524
2025-01-07,05:00:30,1.0498
2025-01-07,04:28:50,1.0
2025-01-07,03:54:39,1.0296
2025-01-07,03:45:31,1.038
2025-01-07,03:36:46,1.0481
2025-01-07,03:26:40,1.0556
2025-01-07,03:12:31,1.067
2025-01-07,02:55:56,1.0796
2025-01-07,02:46:58,1.0871
2025-01-07,02:37:35,1.0871
2025-01-07,02:15:52,1.0894
2025-01-07,01:54:59,1.0933
2025-01-07,01:46:15,1.0999
2025-01-07,01:37:23,1.0999
2025-01-07,01:22:45,1.1277
2025-01-07,00:58:40,1.1369
2025-01-07,00:49:33,1.137
2025-01-07,00:38:26,1.1379
2025-01-07,00:19:08,1.139
2025-01-06,23:55:29,1.139
2025-01-06,23:46:47,1.1391
2025-01-06,23:37:39,1.14
2025-01-06,23:28:18,1.1517
2025-01-06,23:13:47,1.1634
2025-01-06,22:54:21,1.1661
2025-01-06,22:44:15,1.1661
2025-01-06,22:20:52,1.1666
2025-01-06,21:54:29,1.1883
2025-01-06,21:44:24,1.1883
2025-01-06,21:31:57,0.9767
2025-01-06,21:13:45,1.1883
2025-01-06,20:54:21,1.1914
2025-01-06,20:44:47,1.1969
2025-01-06,20:34:25,1.1969
2025-01-06,20:17:17,1.198
2025-01-06,19:55:42,1.198
2025-01-06,19:46:42,1.198
2025-01-06,19:32:29,1.198
2025-01-06,19:05:16,1.198
2025-01-06,18:32:50,1.198
2025-01-06,17:18:08,1.195
2025-01-06,15:56:45,1.195
2025-01-06,15:47:50,1.196
2025-01-06,15:38:46,1.196
2025-01-06,15:29:00,1.196
2025-01-06,15:13:59,1.197
2025-01-06,14:54:26,0.9861
2025-01-06,14:44:12,1.199
2025-01-06,14:32:46,0.9869
2025-01-06,14:14:14,1.199
2025-01-06,13:55:52,1.2
2025-01-06,13:47:07,1.219
2025-01-06,13:38:01,1.2188
2025-01-06,13:28:33,1.2368
2025-01-06,13:13:10,1.226
2025-01-06,12:54:21,1.019
2025-01-06,12:40:29,1.2488
2025-01-06,12:29:46,1.2488
2025-01-06,12:13:45,1.2488
2025-01-06,11:54:20,1.2482
2025-01-06,11:45:12,1.2482
2025-01-06,11:36:27,1.2568
2025-01-06,11:26:00,1.2621
2025-01-06,11:17:05,1.2528
2025-01-06,10:59:04,1.2482
2025-01-06,10:50:15,1.2541
2025-01-06,10:40:21,1.2488
2025-01-06,10:19:29,1.2488
2025-01-06,09:54:23,1.2501
2025-01-06,09:44:30,1.2568
2025-01-06,09:30:41,1.2501
2025-01-06,09:12:41,1.2488
2025-01-06,08:51:37,1.2488
2025-01-06,08:40:09,1.25
2025-01-06,08:17:48,1.2621
2025-01-06,07:54:36,1.2501
2025-01-06,07:44:24,1.264
2025-01-06,07:30:42,1.2549
2025-01-06,07:14:50,1.265
2025-01-06,06:54:36,1.25
2025-01-06,06:44:13,1.2563
2025-01-06,06:33:24,1.247
2025-01-06,06:13:48,1.2488
2025-01-06,05:54:30,1.265
2025-01-06,05:44:11,1.265
2025-01-06,05:30:57,1.25
2025-01-06,05:00:49,1.245
2025-01-06,04:29:07,1.27
2025-01-06,03:54:57,1.2723
2025-01-06,03:45:52,1.2747
2025-01-06,03:36:49,1.25
2025-01-06,03:26:36,1.259
2025-01-06,03:11:59,1.2683
2025-01-06,02:55:09,1.2488
2025-01-06,02:46:15,1.251
2025-01-06,02:36:48,1.259
2025-01-06,02:15:53,1.275
2025-01-06,01:54:15,1.2578
2025-01-06,01:44:16,1.2658
2025-01-06,01:31:52,1.2778
2025-01-06,01:16:02,1.282
2025-01-06,00:54:08,1.283
2025-01-06,00:42:08,1.283
2025-01-06,00:21:20,1.0627
2025-01-05,23:56:19,1.285
2025-01-05,23:47:25,1.066
2025-01-05,23:38:22,1.2892
2025-01-05,23:29:06,1.0679
2025-01-05,23:14:47,1.2893
2025-01-05,22:54:26,1.2893
2025-01-05,22:44:46,1.29
2025-01-05,22:21:02,1.298
2025-01-05,21:54:21,1.3
2025-01-05,21:44:29,1.3
2025-01-05,21:32:42,1.3
2025-01-05,21:14:26,1.3002
2025-01-05,20:54:26,1.299
2025-01-05,20:40:46,1.3123
2025-01-05,20:23:24,1.3277
2025-01-05,19:57:44,1.1053
2025-01-05,19:48:37,1.3428
2025-01-05,19:34:54,1.1232
2025-01-05,19:06:47,1.3428
2025-01-05,18:35:14,1.37
2025-01-05,17:13:08,1.3916
2025-01-05,15:55:45,1.4059
2025-01-05,15:46:43,1.1691
2025-01-05,15:37:44,1.4086
2025-01-05,15:27:44,1.1681
2025-01-05,15:13:28,1.4086
2025-01-05,14:54:10,1.408
2025-01-05,14:44:22,1.408
2025-01-05,14:31:22,1.408
2025-01-05,14:12:29,1.408
2025-01-05,13:54:19,1.41
2025-01-05,13:45:35,1.4203
2025-01-05,13:36:40,1.41
2025-01-05,13:27:12,1.4176
2025-01-05,13:15:25,1.42
2025-01-05,12:57:14,1.42
2025-01-05,12:48:09,1.42
2025-01-05,12:39:04,1.4243
2025-01-05,12:29:23,1.4243
2025-01-05,12:14:15,1.4243
2025-01-05,11:54:15,1.42
2025-01-05,11:44:30,1.42
2025-01-05,11:35:22,1.1774
2025-01-05,11:24:28,1.42
2025-01-05,11:10:38,1.41
2025-01-05,10:54:19,1.42
2025-01-05,10:45:26,1.42
2025-01-05,10:36:17,1.42
2025-01-05,10:18:18,1.42
2025-01-05,09:55:42,1.42
2025-01-05,09:46:54,1.4244
2025-01-05,09:38:10,1.427
2025-01-05,09:28:51,1.4286
2025-01-05,09:11:22,1.4286
2025-01-05,08:54:46,1.4286
2025-01-05,08:45:31,1.4286
2025-01-05,08:36:05,1.4286
2025-01-05,08:17:21,1.4286
2025-01-05,07:56:10,1.4286
2025-01-05,07:47:13,1.4286
2025-01-05,07:38:17,1.4286
2025-01-05,07:29:01,1.4286
2025-01-05,07:16:50,1.4286
2025-01-05,06:57:31,1.427
2025-01-05,06:48:42,1.427
2025-01-05,06:39:21,1.4286
2025-01-05,06:29:54,1.427
2025-01-05,06:13:57,1.428
2025-01-05,05:57:02,1.428
2025-01-05,05:48:12,1.428
2025-01-05,05:39:08,1.428
2025-01-05,05:30:33,1.428
2025-01-05,05:17:05,1.4286
2025-01-05,04:54:44,1.4327
2025-01-05,04:25:55,1.436
2025-01-05,03:54:29,1.436
2025-01-05,03:44:31,1.436
2025-01-05,03:35:14,1.437
2025-01-05,03:24:30,1.438
2025-01-05,03:10:38,1.4386
2025-01-05,02:54:20,1.4386
2025-01-05,02:44:13,1.4386
2025-01-05,02:32:19,1.44
2025-01-05,02:13:26,1.4386
2025-01-05,01:55:08,1.4386
2025-01-05,01:46:21,1.4386
2025-01-05,01:37:26,1.4386
2025-01-05,01:28:17,1.4386
2025-01-05,01:13:23,1.44
2025-01-05,00:54:04,1.44
2025-01-05,00:45:07,1.4409
2025-01-05,00:33:16,1.4386
2025-01-05,00:16:42,1.4423
2025-01-04,23:54:15,1.4395
2025-01-04,23:45:22,1.443
2025-01-04,23:36:06,1.4395
2025-01-04,23:26:33,1.443
2025-01-04,23:15:14,1.4436
2025-01-04,22:57:05,1.455
2025-01-04,22:48:07,1.455
2025-01-04,22:38:49,1.45
2025-01-04,22:18:53,1.456
2025-01-04,21:54:26,1.456
2025-01-04,21:44:28,1.456
2025-01-04,21:30:43,1.456
2025-01-04,21:13:02,1.2072
2025-01-04,20:54:10,1.456
2025-01-04,20:44:33,1.456
2025-01-04,20:34:59,1.456
2025-01-04,20:18:15,1.456
2025-01-04,19:56:07,1.456
2025-01-04,19:47:07,1.456
2025-01-04,19:34:27,1.45
2025-01-04,19:07:23,1.2022
2025-01-04,18:35:57,1.456
2025-01-04,17:13:36,1.456
2025-01-04,15:55:27,1.4533
2025-01-04,15:46:47,1.45
2025-01-04,15:37:49,1.2049
2025-01-04,15:28:20,1.4533
2025-01-04,15:12:59,1.458
2025-01-04,14:54:16,1.458
2025-01-04,14:44:33,1.2097
2025-01-04,14:30:58,1.447
2025-01-04,14:14:12,1.4486
2025-01-04,13:56:37,1.459
2025-01-04,13:47:47,1.459
2025-01-04,13:38:49,1.459
2025-01-04,13:28:32,1.459
2025-01-04,13:14:35,1.459
2025-01-04,12:56:30,1.459
2025-01-04,12:47:37,1.459
2025-01-04,12:38:52,1.459
2025-01-04,12:29:12,1.2097
2025-01-04,12:13:51,1.459
2025-01-04,11:54:10,1.44
2025-01-04,11:44:45,1.44
2025-01-04,11:35:54,1.44
2025-01-04,11:24:25,1.44
2025-01-04,11:10:53,1.44
2025-01-04,10:55:52,1.458
2025-01-04,10:46:59,1.4561
2025-01-04,10:38:08,1.458
2025-01-04,10:19:37,1.458
2025-01-04,09:56:02,1.4585
2025-01-04,09:47:17,1.2093
2025-01-04,09:38:07,1.4608
2025-01-04,09:29:08,1.464
2025-01-04,09:11:35,1.464
2025-01-04,08:54:53,1.465
2025-01-04,08:45:28,1.465
2025-01-04,08:36:20,1.46
2025-01-04,08:18:07,1.46
2025-01-04,07:56:24,1.46
2025-01-04,07:47:28,1.465
2025-01-04,07:38:21,1.465
2025-01-04,07:28:59,1.45
2025-01-04,07:13:22,1.45
2025-01-04,06:54:29,1.45
2025-01-04,06:44:22,1.45
2025-01-04,06:30:45,1.46
2025-01-04,06:11:56,1.465
2025-01-04,05:54:12,1.218
2025-01-04,05:44:29,1.45
2025-01-04,05:31:12,1.47
2025-01-04,05:17:48,1.47
2025-01-04,04:55:26,1.48
2025-01-04,04:26:14,1.48
2025-01-04,03:54:29,1.48
2025-01-04,03:44:16,1.48
2025-01-04,03:35:40,1.48
2025-01-04,03:24:54,1.48
2025-01-04,03:10:50,1.479
2025-01-04,02:54:15,1.479
2025-01-04,02:44:26,1.44
2025-01-04,02:33:15,1.44
2025-01-04,02:15:53,1.44
2025-01-04,01:56:26,1.42
2025-01-04,01:47:28,1.42
2025-01-04,01:38:14,1.42
2025-01-04,01:28:44,1.4
2025-01-04,01:13:29,1.4
2025-01-04,00:54:45,1.42
2025-01-04,00:45:47,1.42
2025-01-04,00:34:18,1.42
2025-01-04,00:17:09,1.42
2025-01-03,23:54:16,1.41
2025-01-03,23:45:36,1.385
2025-01-03,23:36:28,1.385
2025-01-03,23:26:50,1.385
2025-01-03,23:14:54,1.385
2025-01-03,22:56:51,1.1433
2025-01-03,22:47:54,1.378
2025-01-03,22:38:42,1.378
2025-01-03,22:18:25,1.3798
2025-01-03,21:54:21,1.3839
2025-01-03,21:44:19,1.3839
2025-01-03,21:31:21,1.3786
2025-01-03,21:15:55,1.3898
2025-01-03,20:56:56,1.3786
2025-01-03,20:47:48,1.3884
2025-01-03,20:38:46,1.3786
2025-01-03,20:20:41,1.3939
2025-01-03,19:57:16,1.3857
2025-01-03,19:48:30,1.3925
2025-01-03,19:39:35,1.4021
2025-01-03,19:26:18,1.32
2025-01-03,18:59:39,1.32
2025-01-03,18:27:43,1.32
2025-01-03,17:12:18,1.32
2025-01-03,15:56:14,1.3799
2025-01-03,15:47:09,1.38
2025-01-03,15:38:15,1.41
2025-01-03,15:28:29,1.41
2025-01-03,15:13:51,1.41
2025-01-03,14:54:35,1.41
2025-01-03,14:44:36,1.43
2025-01-03,14:32:00,1.1851
2025-01-03,14:13:04,1.42
2025-01-03,13:54:56,1.42
2025-01-03,13:46:06,1.4
2025-01-03,13:37:05,1.4
2025-01-03,13:27:39,1.4
2025-01-03,13:12:25,1.3999
2025-01-03,12:54:31,1.4
2025-01-03,12:40:28,1.4
2025-01-03,12:30:22,1.398
2025-01-03,12:14:56,1.398
2025-01-03,11:54:24,1.1608
2025-01-03,11:44:30,1.398
2025-01-03,11:35:39,1.39
2025-01-03,11:24:29,1.39
2025-01-03,11:15:12,1.39
2025-01-03,10:58:02,1.39
2025-01-03,10:49:06,1.39
2025-01-03,10:39:27,1.3986
2025-01-03,10:19:01,1.35
2025-01-03,09:54:08,1.3959
2025-01-03,09:44:37,1.3932
2025-01-03,09:30:44,1.3886
2025-01-03,09:17:14,1.3973
2025-01-03,08:58:19,1.39
2025-01-03,08:49:29,1.39
2025-01-03,08:38:56,1.3886
2025-01-03,08:17:14,1.399
2025-01-03,07:54:42,1.3759
2025-01-03,07:44:17,1.3745
2025-01-03,07:30:25,1.35
2025-01-03,07:14:38,1.32
2025-01-03,06:54:40,1.32
2025-01-03,06:44:30,1.32
2025-01-03,06:32:03,1.32
2025-01-03,06:12:46,1.32
2025-01-03,05:55:17,1.3067
2025-01-03,05:46:30,1.3067
2025-01-03,05:37:13,1.289
2025-01-03,05:24:22,1.289
2025-01-03,04:58:27,1.29
2025-01-03,04:27:44,1.28
2025-01-03,03:54:12,1.2833
2025-01-03,03:44:48,1.2887
2025-01-03,03:36:09,1.2887
2025-01-03,03:25:47,1.0552
2025-01-03,03:11:31,1.2832
2025-01-03,02:54:23,1.29
2025-01-03,02:44:24,1.2514
2025-01-03,02:34:19,1.257
2025-01-03,02:14:48,1.2709
2025-01-03,01:54:44,1.2822
2025-01-03,01:44:39,1.2878
2025-01-03,01:30:50,1.2989
2025-01-03,01:16:18,1.2989
2025-01-03,00:56:12,1.2989
2025-01-03,00:47:28,1.2989
2025-01-03,00:36:51,1.2989
2025-01-03,00:18:09,1.2989
2025-01-02,23:55:17,1.3
2025-01-02,23:46:20,1.2999
2025-01-02,23:37:08,1.317
2025-01-02,23:27:37,1.3179
2025-01-02,23:13:17,1.3179
2025-01-02,22:54:16,1.3179
2025-01-02,22:40:57,1.3179
2025-01-02,22:20:00,1.3178
2025-01-02,21:54:28,1.319
2025-01-02,21:44:22,1.3198
2025-01-02,21:32:19,1.3198
2025-01-02,21:13:39,1.3198
2025-01-02,20:54:11,1.2636
2025-01-02,20:45:22,1.2692
2025-01-02,20:35:34,1.2749
2025-01-02,20:17:21,1.2861
2025-01-02,19:55:20,1.2389
2025-01-02,19:46:14,1.2392
2025-01-02,19:30:42,1.25
2025-01-02,19:02:46,1.2727
2025-01-02,18:31:02,1.2952
2025-01-02,17:10:38,1.34
2025-01-02,15:55:47,1.34
2025-01-02,15:46:57,1.34
2025-01-02,15:37:53,1.3399
2025-01-02,15:28:19,1.338
2025-01-02,15:13:31,1.338
2025-01-02,14:54:42,1.338
2025-01-02,14:44:23,1.338
2025-01-02,14:32:21,1.3399
2025-01-02,14:13:12,1.34
2025-01-02,13:55:06,1.34
2025-01-02,13:46:16,1.3399
2025-01-02,13:37:38,1.34
2025-01-02,13:28:03,1.34
2025-01-02,13:12:53,1.34
2025-01-02,12:54:19,1.3399
2025-01-02,12:44:24,1.3398
2025-01-02,12:30:50,1.329
2025-01-02,12:15:00,1.328
2025-01-02,11:54:12,1.3399
2025-01-02,11:44:37,1.3399
2025-01-02,11:35:36,1.3499
2025-01-02,11:24:31,1.3499
2025-01-02,11:10:48,1.34
2025-01-02,10:54:23,1.34
2025-01-02,10:43:13,1.34
2025-01-02,10:26:45,1.3499
2025-01-02,09:57:57,1.3499
2025-01-02,09:48:52,1.3616
2025-01-02,09:39:53,1.3745
2025-01-02,09:30:20,1.365
2025-01-02,09:12:22,1.1458
2025-01-02,08:54:28,1.38
2025-01-02,08:42:05,1.3795
2025-01-02,08:24:34,1.386
2025-01-02,07:58:09,1.3804
2025-01-02,07:49:23,1.386
2025-01-02,07:40:22,1.3943
2025-01-02,07:30:17,1.1581
2025-01-02,07:14:05,1.3999
2025-01-02,06:54:19,1.3999
2025-01-02,06:44:33,1.3999
2025-01-02,06:31:47,1.3999
2025-01-02,06:12:50,1.4
2025-01-02,05:54:56,1.4099
2025-01-02,05:46:12,1.4099
2025-01-02,05:37:16,1.4099
2025-01-02,05:24:12,1.4099
2025-01-02,04:58:21,1.4099
2025-01-02,04:27:42,1.41
2025-01-02,03:54:14,1.4218
2025-01-02,03:45:08,1.43
2025-01-02,03:36:12,1.176
2025-01-02,03:25:57,1.43
2025-01-02,03:11:46,1.4104
2025-01-02,02:54:14,1.4245
2025-01-02,02:44:46,1.433
2025-01-02,02:34:19,1.4415
2025-01-02,02:14:37,1.45
2025-01-02,01:54:08,1.4598
2025-01-02,01:44:09,1.4599
2025-01-02,01:31:01,1.4799
2025-01-02,01:16:51,1.5099
2025-01-02,00:56:35,1.52
2025-01-02,00:47:44,1.52
2025-01-02,00:37:25,1.52
2025-01-02,00:18:38,1.52
2025-01-01,23:55:28,1.52
2025-01-01,23:46:28,1.52
2025-01-01,23:37:16,1.52
2025-01-01,23:27:41,1.52
2025-01-01,23:13:27,1.52
2025-01-01,22:54:10,1.5298
2025-01-01,22:40:54,1.53
2025-01-01,22:19:59,1.53
2025-01-01,21:54:27,1.5298
2025-01-01,21:44:07,1.53
2025-01-01,21:32:11,1.53
2025-01-01,21:13:51,1.53
2025-01-01,20:54:44,1.53
2025-01-01,20:45:39,1.53
2025-01-01,20:35:19,1.53
2025-01-01,20:17:08,1.55
2025-01-01,19:54:15,1.565
2025-01-01,19:44:40,1.57
2025-01-01,19:30:09,1.58
2025-01-01,19:00:42,1.5998
2025-01-01,18:29:27,1.619
2025-01-01,17:15:06,1.6211
2025-01-01,15:56:30,1.62
2025-01-01,15:47:41,1.62
2025-01-01,15:38:18,1.62
2025-01-01,15:28:30,1.62
2025-01-01,15:13:20,1.6211
2025-01-01,14:54:38,1.6211
2025-01-01,14:44:12,1.6211
2025-01-01,14:33:32,1.6211
2025-01-01,14:19:02,1.6211
2025-01-01,13:58:44,1.6
2025-01-01,13:49:47,1.6
2025-01-01,13:40:30,1.3284
2025-01-01,13:30:06,1.6184
2025-01-01,13:18:10,1.6184
2025-01-01,12:58:10,1.6184
2025-01-01,12:49:23,1.6184
2025-01-01,12:40:21,1.618
2025-01-01,12:30:21,1.6184
2025-01-01,12:14:45,1.615
2025-01-01,11:54:32,1.59
2025-01-01,11:44:29,1.6
2025-01-01,11:35:25,1.6184
2025-01-01,11:24:19,1.61
2025-01-01,11:11:14,1.61
2025-01-01,10:54:28,1.61
2025-01-01,10:41:33,1.6129
2025-01-01,10:21:37,1.614
2025-01-01,09:56:34,1.615
2025-01-01,09:47:30,1.6183
2025-01-01,09:38:53,1.6183
2025-01-01,09:29:27,1.6183
2025-01-01,09:13:20,1.6184
2025-01-01,08:56:20,1.6183
2025-01-01,08:47:21,1.614
2025-01-01,08:36:45,1.614
2025-01-01,08:16:41,1.615
2025-01-01,07:54:42,1.6303
2025-01-01,07:44:42,1.58
2025-01-01,07:30:24,1.578
2025-01-01,07:14:42,1.579
2025-01-01,06:54:23,1.58
2025-01-01,06:44:31,1.58
2025-01-01,06:31:23,1.58
2025-01-01,06:12:32,1.58
2025-01-01,05:54:47,1.5902
2025-01-01,05:45:46,1.6031
2025-01-01,05:36:27,1.5784
2025-01-01,05:21:09,1.5871
2025-01-01,04:57:05,1.5812
2025-01-01,04:27:06,1.6101
2025-01-01,03:54:18,1.6068
2025-01-01,03:44:22,1.6068
2025-01-01,03:35:41,1.6053
2025-01-01,03:25:32,1.6135
2025-01-01,03:11:22,1.6264
2025-01-01,02:54:37,1.635
2025-01-01,02:44:17,1.645
2025-01-01,02:33:44,1.645
2025-01-01,02:14:35,1.645
2025-01-01,01:54:26,1.62
2025-01-01,01:44:55,1.62
2025-01-01,01:36:07,1.62
2025-01-01,01:20:47,1.6
2025-01-01,00:58:26,1.6
2025-01-01,00:49:13,1.58
2025-01-01,00:38:08,1.58
2025-01-01,00:19:18,1.58
2024-12-31,23:55:48,1.5773
2024-12-31,23:46:48,1.5773
2024-12-31,23:37:57,1.577
2024-12-31,23:28:17,1.577
2024-12-31,23:13:29,1.577
2024-12-31,22:54:07,1.5773
2024-12-31,22:44:12,1.5712
2024-12-31,22:20:34,1.5644
2024-12-31,21:54:22,1.577
2024-12-31,21:44:11,1.568
2024-12-31,21:32:09,1.5693
2024-12-31,21:14:04,1.5693
2024-12-31,20:54:30,1.5693
2024-12-31,20:45:37,1.555
2024-12-31,20:35:31,1.5693
2024-12-31,20:17:35,1.5369
2024-12-31,19:54:33,1.5508
2024-12-31,19:42:28,1.5612
2024-12-31,19:17:10,1.5295
2024-12-31,18:38:05,1.5352
2024-12-31,17:12:45,1.5487
2024-12-31,15:55:17,1.5
2024-12-31,15:46:31,1.5
2024-12-31,15:37:29,1.5
2024-12-31,15:27:39,1.5
2024-12-31,15:13:01,1.5
2024-12-31,14:54:17,1.51
2024-12-31,14:44:08,1.51
2024-12-31,14:31:43,1.54
2024-12-31,14:15:24,1.5487
2024-12-31,13:56:50,1.54
2024-12-31,13:47:56,1.54
2024-12-31,13:38:45,1.54
2024-12-31,13:29:35,1.54
2024-12-31,13:18:55,1.5487
2024-12-31,12:58:13,1.54
2024-12-31,12:49:23,1.54
2024-12-31,12:40:19,1.54
2024-12-31,12:29:53,1.539
2024-12-31,12:14:35,1.517
2024-12-31,11:54:28,1.517
2024-12-31,11:44:35,1.544
2024-12-31,11:35:37,1.517
2024-12-31,11:24:31,1.54
2024-12-31,11:10:39,1.544
2024-12-31,10:54:23,1.5488
2024-12-31,10:41:17,1.549
2024-12-31,10:22:07,1.52
2024-12-31,09:56:45,1.52
2024-12-31,09:47:57,1.518
2024-12-31,09:38:51,1.518
2024-12-31,09:29:35,1.518
2024-12-31,09:12:29,1.519
2024-12-31,08:56:01,1.522
2024-12-31,08:47:15,1.523
2024-12-31,08:36:46,1.523
2024-12-31,08:16:33,1.54
2024-12-31,07:54:28,1.549
2024-12-31,07:40:53,1.549
2024-12-31,07:29:46,1.539
2024-12-31,07:13:50,1.539
2024-12-31,06:54:42,1.53
2024-12-31,06:44:18,1.539
2024-12-31,06:31:20,1.539
2024-12-31,06:12:41,1.53
2024-12-31,05:55:03,1.53
2024-12-31,05:45:44,1.51
2024-12-31,05:36:45,1.495
2024-12-31,05:21:29,1.47
2024-12-31,04:56:58,1.42
2024-12-31,04:27:13,1.42
2024-12-31,03:54:27,1.42
2024-12-31,03:45:07,1.4999
2024-12-31,03:36:11,1.4999
2024-12-31,03:25:38,1.42
2024-12-31,03:11:40,1.42
2024-12-31,02:54:30,1.42
2024-12-31,02:44:24,1.42
2024-12-31,02:34:12,1.42
2024-12-31,02:14:43,1.42
2024-12-31,01:54:10,1.42
2024-12-31,01:44:33,1.42
2024-12-31,01:30:30,1.4406
2024-12-31,01:17:27,1.4406
2024-12-31,00:56:52,1.4528
2024-12-31,00:47:39,1.45
2024-12-31,00:36:56,1.4289
2024-12-31,00:18:21,1.4288
2024-12-30,23:54:55,1.4288
2024-12-30,23:46:02,1.429
2024-12-30,23:37:18,1.429
2024-12-30,23:27:56,1.1726
2024-12-30,23:13:16,1.429
2024-12-30,22:54:09,1.4289
2024-12-30,22:40:30,1.428
2024-12-30,22:19:50,1.429
2024-12-30,21:54:09,1.4292
2024-12-30,21:44:12,1.4292
2024-12-30,21:31:57,1.4292
2024-12-30,21:13:37,1.4292
2024-12-30,20:54:25,1.439
2024-12-30,20:45:06,1.4486
2024-12-30,20:35:20,1.43
2024-12-30,20:17:24,1.4286
2024-12-30,19:54:21,1.45
2024-12-30,19:40:42,1.4528
2024-12-30,19:27:08,1.493
2024-12-30,19:00:16,1.5399
2024-12-30,18:28:33,1.5979
2024-12-30,17:10:24,1.6299
2024-12-30,15:55:49,1.64
2024-12-30,15:46:48,1.64
2024-12-30,15:37:53,1.64
2024-12-30,15:28:08,1.64
2024-12-30,15:13:16,1.64
2024-12-30,14:54:22,1.6483
2024-12-30,14:44:07,1.64
2024-12-30,14:32:02,1.64
2024-12-30,14:14:18,1.6523
2024-12-30,13:56:01,1.6484
2024-12-30,13:47:08,1.65
2024-12-30,13:38:28,1.6484
2024-12-30,13:28:57,1.64
2024-12-30,13:18:16,1.64
2024-12-30,12:58:13,1.63
2024-12-30,12:49:28,1.63
2024-12-30,12:40:16,1.63
2024-12-30,12:29:58,1.63
2024-12-30,12:14:43,1.63
2024-12-30,11:54:16,1.65
2024-12-30,11:44:33,1.6484
2024-12-30,11:35:31,1.65
2024-12-30,11:24:34,1.65
2024-12-30,11:11:03,1.65
2024-12-30,10:54:16,1.6523
2024-12-30,10:43:31,1.6506
2024-12-30,10:26:58,1.648
2024-12-30,09:58:07,1.65
2024-12-30,09:48:53,1.65
2024-12-30,09:39:53,1.65
2024-12-30,09:30:24,1.67
2024-12-30,09:15:46,1.69
2024-12-30,08:57:35,1.691
2024-12-30,08:48:35,1.691
2024-12-30,08:38:10,1.6783
2024-12-30,08:16:57,1.691
2024-12-30,07:54:30,1.6721
2024-12-30,07:40:27,1.6721
2024-12-30,07:30:19,1.635
2024-12-30,07:14:16,1.6005
2024-12-30,06:54:32,1.6006
2024-12-30,06:44:18,1.6007
2024-12-30,06:31:58,1.6007
2024-12-30,06:13:35,1.6
2024-12-30,05:55:49,1.6007
2024-12-30,05:46:40,1.6008
2024-12-30,05:37:46,1.6008
2024-12-30,05:25:02,1.6009
2024-12-30,04:58:14,1.5798
2024-12-30,04:27:49,1.55
2024-12-30,03:54:08,1.55
2024-12-30,03:45:09,1.559
2024-12-30,03:36:16,1.559
2024-12-30,03:25:58,1.559
2024-12-30,03:11:34,1.56
2024-12-30,02:54:26,1.57
2024-12-30,02:44:49,1.5784
2024-12-30,02:35:30,1.58
2024-12-30,02:15:21,1.629
2024-12-30,01:54:25,1.63
2024-12-30,01:44:13,1.6519
2024-12-30,01:32:31,1.655
2024-12-30,01:19:37,1.6607
2024-12-30,00:57:26,1.6828
2024-12-30,00:48:28,1.6916
2024-12-30,00:38:16,1.7
2024-12-30,00:18:51,1.7379
2024-12-29,23:54:22,1.74
2024-12-29,23:44:17,1.7485
2024-12-29,23:30:30,1.762
2024-12-29,23:15:07,1.78
2024-12-29,22:54:15,1.8131
2024-12-29,22:44:32,1.8179
2024-12-29,22:20:38,1.8365
2024-12-29,21:54:36,1.8513
2024-12-29,21:44:08,1.866
2024-12-29,21:32:35,1.877
2024-12-29,21:14:25,1.85
2024-12-29,20:54:47,1.849
2024-12-29,20:45:40,1.849
2024-12-29,20:36:03,1.849
2024-12-29,20:18:03,1.8
2024-12-29,19:55:37,1.8129
2024-12-29,19:46:53,1.8713
2024-12-29,19:32:37,1.872
2024-12-29,19:05:07,1.9766
2024-12-29,18:33:22,1.9953
2024-12-29,17:12:37,2.0249
2024-12-29,15:55:45,1.9989
2024-12-29,15:46:48,1.9989
2024-12-29,15:37:40,1.9623
2024-12-29,15:27:28,1.9299
2024-12-29,15:12:50,1.9299
2024-12-29,14:54:12,1.91
2024-12-29,14:44:26,1.91
2024-12-29,14:31:12,1.91
2024-12-29,14:13:04,1.92
2024-12-29,13:55:38,1.87
2024-12-29,13:46:41,1.87
2024-12-29,13:37:33,1.845
2024-12-29,13:27:03,1.845
2024-12-29,13:14:04,1.839
2024-12-29,12:56:35,1.86
2024-12-29,12:47:41,1.848
2024-12-29,12:38:36,1.8415
2024-12-29,12:29:07,1.839
2024-12-29,12:14:12,1.839
2024-12-29,11:54:09,1.8416
2024-12-29,11:44:32,1.84
2024-12-29,11:35:22,1.8413
2024-12-29,11:24:31,1.847
2024-12-29,11:13:24,1.84
2024-12-29,10:57:26,1.85
2024-12-29,10:48:52,1.85
2024-12-29,10:39:39,1.85
2024-12-29,10:21:43,1.85
2024-12-29,09:56:58,1.8865
2024-12-29,09:48:12,1.8909
2024-12-29,09:39:10,1.8953
2024-12-29,09:29:28,1.9
2024-12-29,09:12:18,1.9456
2024-12-29,08:54:33,1.9907
2024-12-29,08:44:22,1.9977
2024-12-29,08:33:58,2.0138
2024-12-29,08:16:23,2.0215
2024-12-29,07:55:45,2.036
2024-12-29,07:46:46,2.037
2024-12-29,07:37:42,2.04
2024-12-29,07:28:26,2.047
2024-12-29,07:16:04,2.048
2024-12-29,06:57:09,2.0709
2024-12-29,06:48:07,2.0713
2024-12-29,06:39:03,2.0763
2024-12-29,06:29:48,2.0865
2024-12-29,06:14:28,2.0985
2024-12-29,05:57:08,2.1478
2024-12-29,05:47:59,2.152
2024-12-29,05:38:50,2.157
2024-12-29,05:29:38,2.158
2024-12-29,05:16:26,2.165
2024-12-29,04:53:47,2.1989
2024-12-29,04:25:13,2.2881
2024-12-29,03:54:11,2.3092
2024-12-29,03:44:10,2.3168
2024-12-29,03:35:13,2.32
2024-12-29,03:24:25,2.3277
2024-12-29,03:10:33,2.351
2024-12-29,02:54:16,2.358
2024-12-29,02:44:29,2.359
2024-12-29,02:32:23,2.359
2024-12-29,02:13:35,2.3231
2024-12-29,01:54:57,2.3358
2024-12-29,01:46:12,2.34
2024-12-29,01:37:03,2.3488
2024-12-29,01:27:49,2.3545
2024-12-29,01:13:09,2.3653
2024-12-29,00:54:24,2.338
2024-12-29,00:45:00,2.3238
2024-12-29,00:34:14,2.329
2024-12-29,00:17:29,2.3394
2024-12-28,23:54:33,2.3528
2024-12-28,23:45:30,2.3606
2024-12-28,23:36:28,1.9384
2024-12-28,23:27:04,2.3714
2024-12-28,23:16:23,2.3795
2024-12-28,22:57:46,2.3899
2024-12-28,22:48:44,2.3899
2024-12-28,22:39:09,2.39
2024-12-28,22:18:45,2.39
2024-12-28,21:54:28,2.3227
2024-12-28,21:44:20,2.3302
2024-12-28,21:31:45,2.338
2024-12-28,21:16:51,2.3484
2024-12-28,20:57:24,2.3646
2024-12-28,20:48:25,2.37
2024-12-28,20:39:09,2.3781
2024-12-28,20:25:20,2.3862
2024-12-28,19:58:55,2.3315
2024-12-28,19:49:59,2.3367
2024-12-28,19:39:45,2.3445
2024-12-28,19:15:20,2.3608
2024-12-28,18:37:16,2.3851
2024-12-28,17:15:19,2.2
2024-12-28,15:55:38,2.3304
2024-12-28,15:46:50,2.3299
2024-12-28,15:37:55,2.3299
2024-12-28,15:28:17,2.33
2024-12-28,15:13:28,2.3304
2024-12-28,14:54:34,2.3304
2024-12-28,14:44:28,2.3306
2024-12-28,14:31:16,2.3306
2024-12-28,14:12:31,2.3276
2024-12-28,13:54:26,2.33
2024-12-28,13:45:20,2.33
2024-12-28,13:36:35,2.331
2024-12-28,13:26:59,2.3385
2024-12-28,13:15:11,2.3179
2024-12-28,12:57:23,2.27
2024-12-28,12:48:19,2.27
2024-12-28,12:39:10,2.29
2024-12-28,12:29:19,2.3
2024-12-28,12:13:57,2.31
2024-12-28,11:54:10,2.319
2024-12-28,11:44:37,2.32
2024-12-28,11:35:08,2.33
2024-12-28,11:21:00,2.33
2024-12-28,11:10:21,2.348
2024-12-28,10:54:46,2.35
2024-12-28,10:45:32,2.357
2024-12-28,10:36:33,2.36
2024-12-28,10:17:59,2.37
2024-12-28,09:55:25,2.42
2024-12-28,09:46:26,2.44
2024-12-28,09:37:36,2.0053
2024-12-28,09:28:33,2.47
2024-12-28,09:11:26,2.49
2024-12-28,08:54:50,2.4991
2024-12-28,08:45:43,2.5
2024-12-28,08:36:47,2.508
2024-12-28,08:19:43,2.522
2024-12-28,07:56:59,2.536
2024-12-28,07:47:53,2.54
2024-12-28,07:38:45,2.55
2024-12-28,07:29:28,2.559
2024-12-28,07:17:07,2.56
2024-12-28,06:57:37,2.56
2024-12-28,06:48:54,2.5887
2024-12-28,06:39:52,2.59
2024-12-28,06:30:09,2.6018
2024-12-28,06:14:12,2.6274
2024-12-28,05:57:04,2.6581
2024-12-28,05:48:17,2.6582
2024-12-28,05:39:16,2.6582
2024-12-28,05:30:19,2.6582
2024-12-28,05:17:02,2.6584
2024-12-28,04:54:14,2.6584
2024-12-28,04:25:27,2.6588
2024-12-28,03:54:20,2.668
2024-12-28,03:44:09,2.6692
2024-12-28,03:35:18,2.6699
2024-12-28,03:24:31,2.6523
2024-12-28,03:10:39,2.71
2024-12-28,02:54:06,2.7312
2024-12-28,02:44:13,2.7323
2024-12-28,02:32:28,2.7088
2024-12-28,02:13:55,2.2193
2024-12-28,01:55:31,2.7089
2024-12-28,01:46:43,2.2193
2024-12-28,01:37:32,2.709
2024-12-28,01:28:18,2.734
2024-12-28,01:13:18,2.709
2024-12-28,00:54:27,2.709
2024-12-28,00:45:09,2.709
2024-12-28,00:33:43,2.709
2024-12-28,00:17:00,2.709
2024-12-27,23:54:38,2.7
2024-12-27,23:44:58,2.708
2024-12-27,23:36:08,2.2121
2024-12-27,23:26:29,2.7
2024-12-27,23:14:18,2.707
2024-12-27,22:56:45,2.7
2024-12-27,22:47:52,2.7
2024-12-27,22:38:26,2.7
2024-12-27,22:18:29,2.699
2024-12-27,21:54:06,2.6255
2024-12-27,21:44:10,2.6255
2024-12-27,21:31:16,2.6255
2024-12-27,21:13:11,2.6973
2024-12-27,20:54:28,2.695
2024-12-27,20:44:44,2.6973
2024-12-27,20:35:29,2.6973
2024-12-27,20:19:19,2.6973
2024-12-27,19:56:30,2.6823
2024-12-27,19:47:38,2.6883
2024-12-27,19:38:35,2.697
2024-12-27,19:23:52,2.709
2024-12-27,18:59:05,2.709
2024-12-27,18:27:17,2.709
2024-12-27,17:10:38,2.72
2024-12-27,15:56:02,2.72
2024-12-27,15:46:53,2.7165
2024-12-27,15:37:47,2.7165
2024-12-27,15:28:00,2.717
2024-12-27,15:13:21,2.72
2024-12-27,14:54:24,2.719
2024-12-27,14:44:13,2.727
2024-12-27,14:31:54,2.728
2024-12-27,14:13:00,2.7359
2024-12-27,13:55:17,2.738
2024-12-27,13:46:16,2.74
2024-12-27,13:37:37,2.74
2024-12-27,13:28:01,2.7469
2024-12-27,13:16:57,2.747
2024-12-27,12:58:02,2.755
2024-12-27,12:48:58,2.75
2024-12-27,12:39:55,2.75
2024-12-27,12:29:52,2.76
2024-12-27,12:14:37,2.76
2024-12-27,11:54:24,2.77
2024-12-27,11:44:31,2.767
2024-12-27,11:35:15,2.7878
2024-12-27,11:24:11,2.7878
2024-12-27,11:10:45,2.7879
2024-12-27,10:54:30,2.2822
2024-12-27,10:41:37,2.789
2024-12-27,10:22:38,2.787
2024-12-27,09:56:51,2.689
2024-12-27,09:47:54,2.6
2024-12-27,09:38:44,2.7
2024-12-27,09:29:33,2.7
2024-12-27,09:11:48,2.8056
2024-12-27,08:54:35,2.8452
2024-12-27,08:40:30,2.8547
2024-12-27,08:22:18,2.8675
2024-12-27,07:57:39,2.89
2024-12-27,07:48:41,2.916
2024-12-27,07:39:33,2.9394
2024-12-27,07:29:50,2.9397
2024-12-27,07:13:48,2.9399
2024-12-27,06:54:35,2.941
2024-12-27,06:44:11,2.9413
2024-12-27,06:31:53,2.9416
2024-12-27,06:12:46,2.938
2024-12-27,05:54:50,2.9484
2024-12-27,05:45:51,2.955
2024-12-27,05:36:52,2.9649
2024-12-27,05:21:50,2.9781
2024-12-27,04:57:12,2.9954
2024-12-27,04:27:08,3.0
2024-12-27,03:54:25,3.0499
2024-12-27,03:45:17,3.05
2024-12-27,03:36:08,3.06
2024-12-27,03:25:55,3.066
2024-12-27,03:11:47,3.0669
2024-12-27,02:54:35,3.0
2024-12-27,02:44:50,3.0996
2024-12-27,02:35:54,3.0
2024-12-27,02:18:42,3.1
2024-12-27,01:57:31,3.1
2024-12-27,01:48:36,3.12
2024-12-27,01:39:43,3.1369
2024-12-27,01:29:52,3.157
2024-12-27,01:14:17,3.1607
2024-12-27,00:54:34,3.161
2024-12-27,00:40:23,3.161
2024-12-27,00:38:54,3.161
2024-12-27,00:20:53,3.19
2024-12-26,23:56:33,3.161
2024-12-26,23:47:40,3.161
2024-12-26,23:38:36,3.1599
2024-12-26,23:29:21,3.1599
2024-12-26,23:14:13,3.16
2024-12-26,22:54:25,3.1249
2024-12-26,22:40:33,3.1259
2024-12-26,22:19:49,3.127
2024-12-26,21:54:21,3.1274
2024-12-26,21:44:29,3.1274
2024-12-26,21:32:08,2.572
2024-12-26,21:14:52,3.128
2024-12-26,20:56:08,3.1289
2024-12-26,20:47:06,3.1288
2024-12-26,20:34:51,3.1299
2024-12-26,20:17:02,3.1389
2024-12-26,19:54:31,3.147
2024-12-26,19:44:20,3.147
2024-12-26,19:30:23,3.147
2024-12-26,19:01:34,3.15
2024-12-26,18:29:21,3.16
2024-12-26,17:08:12,3.1
2024-12-26,15:55:33,3.0
2024-12-26,15:46:51,3.0
2024-12-26,15:37:49,3.0
2024-12-26,15:28:05,3.0
2024-12-26,15:13:23,3.0
2024-12-26,14:54:05,3.06
2024-12-26,14:44:39,3.072
2024-12-26,14:31:44,3.0
2024-12-26,14:13:00,3.08
2024-12-26,13:55:18,3.08
2024-12-26,13:46:10,3.08
2024-12-26,13:37:23,3.08
2024-12-26,13:27:44,3.08
2024-12-26,13:12:31,3.08
2024-12-26,12:54:26,3.0
2024-12-26,12:40:31,2.4664
2024-12-26,12:30:20,3.0
2024-12-26,12:14:51,3.0
2024-12-26,11:54:35,3.13
2024-12-26,11:44:21,3.14
2024-12-26,11:35:38,3.15
2024-12-26,11:24:48,3.19
2024-12-26,11:11:58,3.2
2024-12-26,10:54:28,3.2
2024-12-26,10:41:56,3.2
2024-12-26,10:23:18,3.2
2024-12-26,09:57:05,3.23
2024-12-26,09:48:15,3.23
2024-12-26,09:39:01,3.23
2024-12-26,09:29:42,3.23
2024-12-26,09:13:44,3.235
2024-12-26,08:56:40,3.235
2024-12-26,08:47:36,3.235
2024-12-26,08:37:24,3.235
2024-12-26,08:17:03,3.236
2024-12-26,07:54:32,3.241
2024-12-26,07:40:26,3.219
2024-12-26,07:30:13,3.2411
2024-12-26,07:14:08,3.2425
2024-12-26,06:54:14,3.248
2024-12-26,06:44:09,3.253
2024-12-26,06:31:43,3.2666
2024-12-26,06:12:43,3.2775
2024-12-26,05:55:30,3.2772
2024-12-26,05:46:36,3.2804
2024-12-26,05:37:37,3.2805
2024-12-26,05:25:19,3.2844
2024-12-26,04:58:45,3.2843
2024-12-26,04:27:51,3.28
2024-12-26,03:54:36,3.289
2024-12-26,03:45:30,3.28
2024-12-26,03:36:28,3.29
2024-12-26,03:25:56,3.3
2024-12-26,03:11:39,3.3212
2024-12-26,02:54:32,3.3389
2024-12-26,02:44:21,3.3497
2024-12-26,02:34:25,3.35
2024-12-26,02:14:33,3.3829
2024-12-26,01:54:25,3.4029
2024-12-26,01:44:22,3.4148
2024-12-26,01:31:07,3.4149
2024-12-26,01:17:41,3.415
2024-12-26,00:56:54,3.415
2024-12-26,00:48:16,3.4152
2024-12-26,00:37:29,3.4154
2024-12-26,00:18:18,3.383
2024-12-25,23:55:06,3.383
2024-12-25,23:46:17,3.383
2024-12-25,23:37:27,3.383
2024-12-25,23:27:47,3.378
2024-12-25,23:13:36,3.377
2024-12-25,22:54:27,3.378
2024-12-25,22:43:56,3.38
2024-12-25,22:20:32,3.38
2024-12-25,21:54:27,3.3453
2024-12-25,21:44:29,2.7543
2024-12-25,21:32:30,3.3671
2024-12-25,21:13:45,3.3793
2024-12-25,20:54:40,3.3896
2024-12-25,20:45:45,3.3785
2024-12-25,20:35:59,3.3856
2024-12-25,20:17:25,3.3822
2024-12-25,19:54:21,2.7926
2024-12-25,19:45:39,3.4081
2024-12-25,19:30:47,3.4154
2024-12-25,19:01:54,3.4
2024-12-25,18:29:52,3.4
2024-12-25,17:13:02,3.408
2024-12-25,15:56:10,3.4
2024-12-25,15:47:10,3.4
2024-12-25,15:38:04,3.4
2024-12-25,15:28:14,3.399
2024-12-25,15:13:19,3.4
2024-12-25,14:54:13,3.37
2024-12-25,14:44:24,3.37
2024-12-25,14:31:48,3.37
2024-12-25,14:13:15,3.38
2024-12-25,13:55:37,3.38
2024-12-25,13:46:43,3.3999
2024-12-25,13:37:41,3.4
2024-12-25,13:28:26,3.375
2024-12-25,13:17:56,3.371
2024-12-25,12:58:17,3.376
2024-12-25,12:49:16,3.377
2024-12-25,12:40:15,3.377
2024-12-25,12:30:10,3.409
2024-12-25,12:14:52,3.4
2024-12-25,11:54:31,3.39
2024-12-25,11:44:30,3.39
2024-12-25,11:35:17,3.415
2024-12-25,11:24:27,3.416
2024-12-25,11:12:11,3.4175
2024-12-25,10:56:31,3.4191
2024-12-25,10:47:32,3.4199
2024-12-25,10:38:12,3.4206
2024-12-25,10:18:27,3.423
2024-12-25,09:54:22,2.7337
2024-12-25,09:44:28,3.39
2024-12-25,09:31:07,2.7417
2024-12-25,09:13:22,3.4644
2024-12-25,08:54:28,2.7936
2024-12-25,08:40:56,3.464
2024-12-25,08:23:03,3.4395
2024-12-25,07:58:01,3.4399
2024-12-25,07:48:58,3.4296
2024-12-25,07:39:55,3.4562
2024-12-25,07:29:58,3.491
2024-12-25,07:13:53,3.5376
2024-12-25,06:54:31,3.5736
2024-12-25,06:44:36,3.5736
2024-12-25,06:31:20,3.5739
2024-12-25,06:12:31,3.5739
2024-12-25,05:54:35,3.6095
2024-12-25,05:45:35,3.6095
2024-12-25,05:36:29,3.6097
2024-12-25,05:21:03,3.6155
2024-12-25,04:56:53,3.59
2024-12-25,04:27:01,3.6149
2024-12-25,03:54:21,3.59
2024-12-25,03:44:31,3.615
2024-12-25,03:35:46,3.615
2024-12-25,03:25:44,3.615
2024-12-25,03:11:29,3.59
2024-12-25,02:54:36,3.59
2024-12-25,02:44:13,3.61
2024-12-25,02:33:45,3.62
2024-12-25,02:14:25,3.61
2024-12-25,01:54:14,3.58
2024-12-25,01:44:27,3.622
2024-12-25,01:31:14,3.622
2024-12-25,01:19:16,3.59
2024-12-25,00:57:44,3.59
2024-12-25,00:48:40,3.59
2024-12-25,00:38:05,3.622
2024-12-25,00:18:56,3.6218
2024-12-24,23:55:37,3.47
2024-12-24,23:46:35,3.47
2024-12-24,23:37:43,3.47
2024-12-24,23:27:55,3.47
2024-12-24,23:13:22,2.841
2024-12-24,22:54:12,3.47
2024-12-24,22:41:14,3.46
2024-12-24,22:20:14,3.45
2024-12-24,21:54:23,3.4299
2024-12-24,21:44:17,3.4295
2024-12-24,21:32:14,3.379
2024-12-24,21:13:41,3.379
2024-12-24,20:55:08,3.38
2024-12-24,20:45:56,3.38
2024-12-24,20:36:05,3.38
2024-12-24,20:17:30,3.38
2024-12-24,19:54:04,3.38
2024-12-24,19:40:31,3.38
2024-12-24,19:27:11,3.38
2024-12-24,19:00:22,3.3746
2024-12-24,18:29:19,3.2867
2024-12-24,17:11:46,3.3755
2024-12-24,15:56:04,3.45
2024-12-24,15:47:11,3.46
2024-12-24,15:38:04,3.46
2024-12-24,15:28:01,3.465
2024-12-24,15:13:03,3.465
2024-12-24,14:54:08,3.465
2024-12-24,14:44:27,3.3755
2024-12-24,14:31:42,3.46
2024-12-24,14:12:58,3.3755
2024-12-24,13:55:03,3.38
2024-12-24,13:46:10,3.3999
2024-12-24,13:37:11,3.3999
2024-12-24,13:27:30,3.4
2024-12-24,13:12:58,3.3534
2024-12-24,12:54:26,3.378
2024-12-24,12:40:49,3.338
2024-12-24,12:29:39,3.338
2024-12-24,12:14:36,3.339
2024-12-24,11:54:24,3.4166
2024-12-24,11:44:07,3.4
2024-12-24,11:35:08,3.4
2024-12-24,11:24:09,3.4
2024-12-24,11:10:58,3.4465
2024-12-24,10:54:22,3.4849
2024-12-24,10:41:43,3.4849
2024-12-24,10:23:09,3.466
2024-12-24,09:56:58,3.466
2024-12-24,09:47:54,3.466
2024-12-24,09:38:45,3.466
2024-12-24,09:29:23,3.489
2024-12-24,09:11:49,3.49
2024-12-24,08:54:35,2.8737
2024-12-24,08:41:06,3.52
2024-12-24,08:23:37,3.539
2024-12-24,07:58:03,3.5499
2024-12-24,07:49:04,3.567
2024-12-24,07:40:06,3.567
2024-12-24,07:29:57,3.568
2024-12-24,07:13:51,3.5323
2024-12-24,06:54:25,3.54
2024-12-24,06:44:27,3.54
2024-12-24,06:31:39,3.55
2024-12-24,06:12:50,3.55
2024-12-24,05:54:55,3.489
2024-12-24,05:46:06,3.55
2024-12-24,05:36:57,3.55
2024-12-24,05:23:32,3.489
2024-12-24,04:57:59,3.4335
2024-12-24,04:27:55,3.5191
2024-12-24,03:54:08,3.51
2024-12-24,03:45:16,3.523
2024-12-24,03:36:14,3.489
2024-12-24,03:26:10,3.489
2024-12-24,03:11:52,3.489
2024-12-24,02:54:12,3.489
2024-12-24,02:44:32,3.5367
2024-12-24,02:34:27,3.5367
2024-12-24,02:14:45,3.5367
2024-12-24,01:54:22,3.545
2024-12-24,01:44:13,3.5459
2024-12-24,01:31:42,3.556
2024-12-24,01:19:09,3.3
2024-12-24,00:57:42,3.5
2024-12-24,00:48:34,3.49
2024-12-24,00:38:09,3.489
2024-12-24,00:18:43,3.4409
2024-12-23,23:55:23,3.4409
2024-12-23,23:46:28,3.4409
2024-12-23,23:37:39,3.4254
2024-12-23,23:28:06,3.4727
2024-12-23,23:13:27,3.4727
2024-12-23,22:54:26,3.4442
2024-12-23,22:40:59,3.4727
2024-12-23,22:20:18,3.444
2024-12-23,21:54:20,3.4442
2024-12-23,21:44:30,3.369
2024-12-23,21:32:18,3.4551
2024-12-23,21:13:29,3.4442
2024-12-23,21:09:34,3.4442
2024-12-23,20:54:33,3.4442
2024-12-23,20:45:18,3.4442
2024-12-23,20:35:00,3.444
2024-12-23,20:17:14,3.4443
2024-12-23,19:54:54,3.4
2024-12-23,19:45:49,3.4
2024-12-23,19:31:00,3.3547
2024-12-23,19:02:02,3.3399
2024-12-23,18:29:29,3.32
2024-12-23,17:09:17,3.3
2024-12-23,16:33:10,3.36
2024-12-23,15:55:40,3.369
2024-12-23,15:46:48,3.369
2024-12-23,15:37:50,3.369
2024-12-23,15:28:05,3.3656
2024-12-23,15:13:16,3.3696
2024-12-23,14:54:14,3.3696
2024-12-23,14:44:15,3.3695
2024-12-23,14:32:03,3.3716
2024-12-23,14:14:32,3.3725
2024-12-23,13:56:15,3.374
2024-12-23,13:47:29,3.374
2024-12-23,13:38:33,3.375
2024-12-23,13:27:43,3.3793
2024-12-23,13:12:34,3.3867
2024-12-23,12:54:05,3.3859
2024-12-23,12:40:39,3.333
2024-12-23,12:30:10,3.3
2024-12-23,12:14:55,3.3817
2024-12-23,11:54:11,3.3817
2024-12-23,11:44:28,3.381
2024-12-23,11:35:34,3.3817
2024-12-23,11:24:16,3.3
2024-12-23,11:14:29,3.395
2024-12-23,10:57:50,3.4489
2024-12-23,10:48:52,3.4489
2024-12-23,10:39:05,3.449
2024-12-23,10:18:55,3.4989
2024-12-23,09:54:34,3.4989
2024-12-23,09:44:24,3.4989
2024-12-23,09:30:24,3.46
2024-12-23,09:14:44,3.47
2024-12-23,08:56:57,3.525
2024-12-23,08:47:52,3.5299
2024-12-23,08:37:48,3.54
2024-12-23,08:17:15,3.5715
2024-12-23,07:54:34,3.5716
2024-12-23,07:44:29,3.56
2024-12-23,07:30:56,3.56
2024-12-23,07:14:30,3.54
2024-12-23,06:54:24,3.54
2024-12-23,06:44:23,3.54
2024-12-23,06:33:34,3.54
2024-12-23,06:17:37,3.53
2024-12-23,05:57:55,3.53
2024-12-23,05:48:46,3.53
2024-12-23,05:39:26,3.53
2024-12-23,05:27:22,3.5265
2024-12-23,04:59:16,3.5267
2024-12-23,04:28:26,3.6363
2024-12-23,03:54:29,3.6766
2024-12-23,03:45:43,3.0264
2024-12-23,03:36:45,3.6902
2024-12-23,03:26:04,3.6871
2024-12-23,03:11:47,3.6871
2024-12-23,02:54:15,3.6999
2024-12-23,02:45:22,3.7
2024-12-23,02:35:51,3.6323
2024-12-23,02:15:34,3.632
2024-12-23,01:54:08,3.5189
2024-12-23,01:44:29,3.5499
2024-12-23,01:30:54,3.5788
2024-12-23,01:15:43,3.6457
2024-12-23,00:54:29,3.6947
2024-12-23,00:41:56,3.7624
2024-12-23,00:20:25,3.7703
2024-12-22,23:55:59,3.7891
2024-12-22,23:47:01,3.788
2024-12-22,23:37:59,3.788
2024-12-22,23:28:28,3.7881
2024-12-22,23:14:08,3.7881
2024-12-22,22:54:23,3.77
2024-12-22,22:44:22,3.77
2024-12-22,22:20:53,3.8327
2024-12-22,21:54:19,3.8
2024-12-22,21:44:23,3.8
2024-12-22,21:32:53,3.8
2024-12-22,21:16:29,3.937
2024-12-22,20:56:27,3.9617
2024-12-22,20:37:47,3.973
2024-12-22,20:17:56,3.973
2024-12-22,19:55:36,3.9856
2024-12-22,19:46:28,4.05
2024-12-22,19:32:10,4.0889
2024-12-22,19:30:58,4.0889
2024-12-22,19:04:37,4.1022
2024-12-22,18:33:07,4.141
2024-12-22,17:17:09,4.199
2024-12-22,17:14:58,3.4409
2024-12-22,15:56:29,4.13
2024-12-22,15:47:27,4.089
2024-12-22,15:38:17,4.1
2024-12-22,15:28:29,4.1
2024-12-22,15:13:39,4.141
2024-12-22,14:54:23,4.141
2024-12-22,14:44:17,4.141
2024-12-22,14:31:04,4.17
2024-12-22,14:12:28,4.1899
2024-12-22,13:54:06,4.1943
2024-12-22,13:45:21,4.141
2024-12-22,13:36:18,4.141
2024-12-22,13:26:37,3.3945
2024-12-22,13:13:49,4.141
2024-12-22,12:56:33,4.141
2024-12-22,12:47:35,4.1876
2024-12-22,12:38:33,4.1878
2024-12-22,12:28:58,4.141
2024-12-22,12:14:08,4.1889
2024-12-22,11:54:17,4.0
2024-12-22,11:44:29,4.0691
2024-12-22,11:35:10,4.0
2024-12-22,11:24:27,4.0696
2024-12-22,11:10:36,4.047
2024-12-22,10:55:33,3.9999
2024-12-22,10:46:15,3.98
2024-12-22,10:37:20,3.9999
2024-12-22,10:20:11,4.0
2024-12-22,09:56:29,3.98
2024-12-22,09:47:33,3.99
2024-12-22,09:38:12,3.995
2024-12-22,09:29:03,3.997
2024-12-22,09:12:14,3.99
2024-12-22,08:54:30,4.0
2024-12-22,08:44:31,4.061
2024-12-22,08:34:38,4.1145
2024-12-22,08:17:01,4.1681
2024-12-22,07:56:04,4.2
2024-12-22,07:47:01,4.262
2024-12-22,07:38:04,4.262
2024-12-22,07:28:42,4.262
2024-12-22,07:17:05,4.355
2024-12-22,06:57:42,4.0765
2024-12-22,06:48:41,4.4867
2024-12-22,06:39:31,4.575
2024-12-22,06:30:09,4.58
2024-12-22,06:14:52,4.5866
2024-12-22,05:56:59,4.63
2024-12-22,05:48:10,4.63
2024-12-22,05:39:13,4.64
2024-12-22,05:30:16,4.679
2024-12-22,05:17:29,4.68
2024-12-22,04:53:45,4.7
2024-12-22,04:25:13,4.76
2024-12-22,03:54:19,4.794
2024-12-22,03:44:12,4.7966
2024-12-22,03:35:22,4.7978
2024-12-22,03:24:34,4.8322
2024-12-22,03:10:41,4.8732
2024-12-22,02:54:08,3.9897
2024-12-22,02:50:18,4.865
2024-12-22,02:49:20,4.865
2024-12-22,02:44:32,4.865
2024-12-22,02:13:26,3.9916
2024-12-22,01:13:27,4.878
2024-12-22,00:16:58,4.8934
2024-12-21,23:12:40,4.9159
2024-12-21,22:18:42,4.93
2024-12-21,22:01:06,4.0422
2024-12-21,21:59:39,4.9317
2024-12-21,21:58:12,4.93
